Site,Type,Proxy,Reference,DOI,Lon0Ma,Lat0Ma,Lon56Ma,Lat56Ma,Lon56MaShift,Lat56MaShift,DepthOriginal,Depth,SourcePaleodepth,SourceDOI,Mask,Assessment,deepMIPprePETM,deepMIPprePETMstd,deepMIPprePETMn,deepMIPPETM,deepMIPPETMstd,deepMIPPETMn,mg_bcp_red,Glassy,d18osw_local,d18osw_1x,d18osw_3x,d18osw_6x,d18osw_9x
DSDP 164,caco3,caco3,"Van Andel, 1975",https://doi.org/10.1016/0012-821X(75)90086-2,-161.517,13.2017,-131.55,3.2,-133,3,5220,5220,"Van Andel, 1975",https://doi.org/10.1016/0012-821X(75)90086-2,Pacific,"Panchunk et al., 2008",0,,,0,,,,,,,,,
DSDP 166,caco3,caco3,"Van Andel, 1975",https://doi.org/10.1016/0012-821X(75)90086-2,-175.08,3.7617,-145.35,-4.25,-145.35,-4.25,4880,4880,"Van Andel, 1975",https://doi.org/10.1016/0012-821X(75)90086-2,Pacific,"Panchunk et al., 2008",0,,,0,,,,,,,,,
DSDP 168,caco3,caco3,"Van Andel, 1975",https://doi.org/10.1016/0012-821X(75)90086-2,173.598,10.7033,-155.15,3,-159,5,5000,5000,"Van Andel, 1975",https://doi.org/10.1016/0012-821X(75)90086-2,Pacific,"Panchunk et al., 2008",0,,,0,,,,,,,,,
DSDP 169,caco3,caco3,"Van Andel, 1975",https://doi.org/10.1016/0012-821X(75)90086-2,173.598,10.7033,-155.15,3,-155.15,3,5000,5000,"Van Andel, 1975",https://doi.org/10.1016/0012-821X(75)90086-2,Pacific,"Panchunk et al., 2008",0,,,0,,,,,,,,,
DSDP 170,caco3,caco3,"Van Andel, 1975",https://doi.org/10.1016/0012-821X(75)90086-2,177.617,11.8,-151.15,3.1,-145,3.1,5250,5250,"Van Andel, 1975",https://doi.org/10.1016/0012-821X(75)90086-2,Pacific,"Panchunk et al., 2008",0,,,0,,,,,,,,,
DSDP 212,caco3,caco3,"Van Andel, 1975",https://doi.org/10.1016/0012-821X(75)90086-2,99.2973,-19.189,73.05,-42,81,-40,6050,6050,"Van Andel, 1975",https://doi.org/10.1016/0012-821X(75)90086-2,Indian,"Panchunk et al., 2008",0,,,0,,,,,,,,,
DSDP 213,caco3,caco3,Slotnick et al. 2015,https://doi.org/10.5194/cp-11-473-2015,93.8962,-10.2118,71,-33.0228,81,-33.0228,3250,3250,Slotnick et al. 2015,https://doi.org/10.5194/cp-11-473-2015,Indian,"Bralower et al., 2018",,,,0,,,,,,,,,
DSDP 248,caco3,caco3,"Van Andel, 1975",https://doi.org/10.1016/0012-821X(75)90086-2,37.4747,-29.5297,28.45,-46.5,31,-46.5,4170,4170,"Van Andel, 1975",https://doi.org/10.1016/0012-821X(75)90086-2,Southern,"Panchunk et al., 2008",0,,,0,,,,,,,,,
DSDP 250,caco3,caco3,"Van Andel, 1975",https://doi.org/10.1016/0012-821X(75)90086-2,39.3692,-33.4623,29,-51.3,29,-51.3,5080,5080,"Van Andel, 1975",https://doi.org/10.1016/0012-821X(75)90086-2,Southern,"Panchunk et al., 2008",0,,,0,,,,,,,,,
DSDP 256,caco3,caco3,"Van Andel, 1975",https://doi.org/10.1016/0012-821X(75)90086-2,100.774,-23.4558,75.05,-45.25,75.05,-45.25,5000,5000,"Van Andel, 1975",https://doi.org/10.1016/0012-821X(75)90086-2,Indian,"Panchunk et al., 2008",0,,,0,,,,,,,,,
DSDP 259,caco3,caco3,"Hancock et al., 2006",https://doi.org/10.1007/s00531-006-0144-0,112.6963333,-29.6175,85,-51,85,-51,4000,4000,"Hancock et al., 2006",https://doi.org/10.1007/s00531-006-0144-0,Indian,"Panchunk et al., 2008",61,,,37,,,,,,,,,
DSDP 260,caco3,caco3,"Van Andel, 1975",https://doi.org/10.1016/0012-821X(75)90086-2,110.299,-16.1445,86.9,-37.5,86.9,-33,5080,5080,"Van Andel, 1975",https://doi.org/10.1016/0012-821X(75)90086-2,Indian,"Panchunk et al., 2008",0,,,0,,,,,,,,,
DSDP 261,caco3,caco3,"Van Andel, 1975",https://doi.org/10.1016/0012-821X(75)90086-2,117.893,-12.9472,96.45,-33.5,96.45,-29,5400,5400,"Van Andel, 1975",https://doi.org/10.1016/0012-821X(75)90086-2,Indian,"Panchunk et al., 2008",0,,,0,,,,,,,,,
DSDP 277,caco3,caco3,"Hollis et al., 2015",https://doi.org/10.5194/cp-11-1009-2015,166.1913333,-52.22383333,-168.55,-56.15,-168.55,-56.15,800-1000,900,"Hines et al., 2017",https://doi.org/10.1016/j.palaeo.2017.02.037,Pacific,this study,74,2.5,21,62.74,10.26,15,,,,,,,
DSDP 303,caco3,caco3,"Van Andel, 1975",https://doi.org/10.1016/0012-821X(75)90086-2,154.451,40.8083,-168.05,36.95,-168.05,36.95,5540,5540,"Van Andel, 1975",https://doi.org/10.1016/0012-821X(75)90086-2,Pacific,"Panchunk et al., 2008",0,,,0,,,,,,,,,
DSDP 304,caco3,caco3,"Van Andel, 1975",https://doi.org/10.1016/0012-821X(75)90086-2,155.07,39.3378,-167.65,34.85,-167.65,32,5600,5600,"Van Andel, 1975",https://doi.org/10.1016/0012-821X(75)90086-2,Pacific,"Panchunk et al., 2008",0,,,0,,,,,,,,,
DSDP 307,caco3,caco3,"Van Andel, 1975",https://doi.org/10.1016/0012-821X(75)90086-2,161.005,28.5877,-164.45,24.05,-164.45,24.05,5520,5520,"Van Andel, 1975",https://doi.org/10.1016/0012-821X(75)90086-2,Pacific,"Panchunk et al., 2008",0,,,0,,,,,,,,,
DSDP 315,caco3,caco3,"Van Andel, 1975",https://doi.org/10.1016/0012-821X(75)90086-2,-158.526,4.171,-141,-6.4,-139,-6.4,4120,4120,"Van Andel, 1975",https://doi.org/10.1016/0012-821X(75)90086-2,Pacific,"Panchunk et al., 2008",0,,,0,,,,,,,,,
DSDP 316,caco3,caco3,"Van Andel, 1975",https://doi.org/10.1016/0012-821X(75)90086-2,-157.128,0.0907,-137.75,-10.05,-141,-10.05,4020,4020,"Van Andel, 1975",https://doi.org/10.1016/0012-821X(75)90086-2,Pacific,"Panchunk et al., 2008",0,,,0,,,,,,,,,
DSDP 401,caco3,caco3,"Bornemann et al., 2014",https://doi.org/10.1016/j.epsl.2014.03.017,-8.810333333,47.4275,-10.95,41.8,-10.95,41.8,1800,1800,"Pak & Miller, 1992",https://doi.org/10.1029/92PA01234,NorthAtlantic,this study,71.9,2.2,3,49.175,8.169,11,,,,,,,
DSDP 527,caco3,caco3,"Thomas et al., 1999",https://doi.org/10.1029/1999PA900031,1.76,-28.04,-17.75,-34.95,-17.75,-34.95,3400,3400,"Thomas & Shackleton, 1996",https://doi.org/10.1144/gsl.sp.1996.101.01.20,SouthAtlantic,this study,83,2.9,6,1.6,1.2,6,,,,,,,
DSDP 549,caco3,caco3,"Thomas & Bralower, 2005",https://doi.org/10.1016/j.margeo.2005.02.009,-13.1,49.09,-20.01,41.8,-19,41.8,1500,1500,"Winguth et al., 2012",https://doi.org/10.1130/G32529.1,NorthAtlantic,"Panchunk et al., 2008",51,,,1,,,,,,,,,
DSDP 577,caco3,caco3,"Bralower et al., 2002, Quillévéré et al., 2002",https://doi.org/10.1029/2001PA000662; https://doi.org/10.1016/S0031-0182(02)00275-4,157.72,32.44,-156.55,27.45,-156.55,27.45,2200,2200,"Takeda & Kaiho, 2007",https://doi.org/10.1016/j.palaeo.2007.02.026,Pacific,"Panchunk et al., 2008",96,,,,,,,,,,,,
ODP 1001,caco3,caco3,"Bralower et al., 1997",http://dx.doi.org/10.1130/0091-7613(1997)025<0963:HRROTL>2.3.CO;2,-74.92,15.75,-69.15,12.9,-71,12,1500,1500,"Thomas et al., 1999",http://dx.doi.org/10.1029/1999PA900031,Caribbean,"Panchunk et al., 2008",45,,,0,,,,,,,,,
ODP 1050,caco3,caco3,"Rudnicki et al., 2001",http://dx.doi.org/10.1029/2000pa000551,-76.235,30.09994,-61.25,30.15,-61.25,30.15,1800-2800,2300,"Norris et al., 1998; Rudnicki et al., 2001",http://dx.doi.org/10.2973/odp.proc.ir.171b.105.1998; http://dx.doi.org/10.1029/2000pa000551,NorthAtlantic,"Panchunk et al., 2008",63,,,57,,,,,,,,,
ODP 1051,caco3,caco3,"Rudnicki et al., 2001",http://dx.doi.org/10.1029/2000pa000551,-76.36,30.05,-61.37,30.1,-61.37,29,1500,1500,"Norris et al., 1998",http://dx.doi.org/10.2973/odp.proc.ir.171b.105.1998,NorthAtlantic,"Panchunk et al., 2008",56,,,52,,,,,,,,,
ODP 1135,caco3,caco3,"Shipboard Scientific Party, 2000",http://doi.org/10.2973/odp.proc.ir.183.103.2000,84.27353,-59.69991,76.55,-60.55,76.55,-60.55,1000-2000,1500,"Panchuk et al., 2008",http://dx.doi.org/10.1130/G24474A.1,Southern,"Panchunk et al., 2008",95,,,,,,,,,,,,
ODP 1138,caco3,caco3,"Shipboard Scientific Party, 2000",http://doi.org/10.2973/odp.proc.ir.183.106.2000,75.97488,-53.55175,66.15,-55.55,66.15,-60,600-1200,900,"Quilty et al., 1992",https://doi.org/10.2973/odp.proc.sr.120.173.1992,Indian,"Panchunk et al., 2008",93,,,,,,,,,,,,
ODP 1172,caco3,caco3,"Sluijs et al., 2011",http://doi.org/10.5194/cp-7-47-2011,150,-44,142,-64.45,139,-64.45,300,300,"Hollis et al., 2019",https://doi.org/10.5194/gmd-12-3149-2019,Southern,this study,0.1,0.1,99,0.1,0.1,42,,,,,,,
ODP 1209,caco3,caco3,"Colosimo et al., 2006",http://doi.org/10.2973/odp.proc.sr.198.112.2006,158.50594,32.65180167,-155.45,28.35,-155.45,28.35,1900,1900,"Dutton et al., 2005",https://doi.org/10.1029/2004PA001098,Pacific,"Panchunk et al., 2008",96,,,84,,,,,,,,,
ODP 1210,caco3,caco3,"Colosimo et al., 2006",http://doi.org/10.2973/odp.proc.sr.198.112.2006,158.2594,32.2235,-155.69654,27.92169833,-155.69654,26,2100,2100,"Takeda & Kaiho, 2007",https://doi.org/10.1016/j.palaeo.2007.02.026,Pacific,"Panchunk et al., 2008",92,,,86,,,,,,,,,
ODP 1211,caco3,caco3,"Colosimo et al., 2006",http://doi.org/10.2973/odp.proc.sr.198.112.2006,157.85,32.0022,-156.10594,27.70039833,-156.10594,25,2400,2400,"Takeda & Kaiho, 2007",https://doi.org/10.1016/j.palaeo.2007.02.026,Pacific,"Panchunk et al., 2008",95,,,78,,,,,,,,,
ODP 1212,caco3,caco3,"Colosimo et al., 2006",http://doi.org/10.2973/odp.proc.sr.198.112.2006,157.7117,32.4483,-156.24424,28.14649833,-156.24424,28.14649833,2200,2200,"Takeda & Kaiho, 2007",https://doi.org/10.1016/j.palaeo.2007.02.026,Pacific,"Panchunk et al., 2008",98,,,83,,,,,,,,,
ODP 1215,caco3,caco3,Leon-Rodriguez & Dickens 2010,https://doi.org/10.1016/j.palaeo.2010.10.029,-147.9332,26.0296,-127.3,15.3,-119,15.3,3200,3200,"Rea & Lyle, 2005",https://doi.org/10.1029/2004PA001064,Pacific,"Panchunk et al., 2008; this study",74,,,8.3,,,,,,,,,
ODP 1220,caco3,caco3,"Shipboard Scientific Party, 2002",http://doi.org/10.2973/odp.proc.ir.199.113.2002,-142.7582,10.18,-123.2,-0.9,-119,-0.9,2900,2900,"Rea & Lyle, 2005",https://doi.org/10.1029/2004PA001064,Pacific,"Panchunk et al., 2008",90,,,0,,,,,,,,,
ODP 1221,caco3,caco3,"Murphy et al., 2006",http://doi.org/10.2973/odp.proc.ir.199.114.2002,-143.69,12.03,-124.1318,1.15,-124.1318,1.15,3200,3200,"Rea & Lyle, 2005",https://doi.org/10.1029/2004PA001064,Pacific,"Panchunk et al., 2008",74,,,3,,,,,,,,,
ODP 1258,caco3,caco3,"Bralower et al., 2018",https://doi.org/10.1029/2018PA003382,-54.73332333,9.433338333,-46.44332333,0.413338333,-46.44332333,0.413338333,2500,2500,"Sexton et al., 2006",https://doi.org/10.1029/2005PA001253,Atlantic,"Bralower et al., 2018",33.58,0,1,0.72,0,1,,,,,,,
ODP 1260,caco3,caco3,"Mutterlose et al., 2007",https://doi.org/10.1016/j.marmicro.2007.05.004,-54.54,9.27,-46.25,0.25,-39,0.25,1300,1900,"Bralower et al., 2018",https://doi.org/10.1029/2018PA003382,Atlantic,this study,57.1,4.8,12,1,,2,,,,,,,
ODP 1262,caco3,caco3,"Zachos et al., 2005",https://doi.org/10.1126/science.1109004,1.577,-27.185833,-17.933,-34.095833,-17.933,-33,3600,3600,"Zachos et al., 2005",https://doi.org/10.1126/science.1109004,Walvis,this study,88,1.8,7,0.7,0.1,9,,,,,,,
ODP 1263,caco3,caco3,"Zachos et al., 2005",https://doi.org/10.1126/science.1109004,2.7795,-28.533,-16.7305,-35.443,-16.7305,-35.443,1500,1500,"Zachos et al., 2005",https://doi.org/10.1126/science.1109004,Walvis,"Panchunk et al., 2008",88,,,1,,,,,,,,,
ODP 1265,caco3,caco3,"Zachos et al., 2005",https://doi.org/10.1126/science.1109004,2.64,-28.84,-16.87,-35.75,-16.87,-38,1850,1850,"Zachos et al., 2005",https://doi.org/10.1126/science.1109004,Walvis,this study,89,3.4,16,32.3,3.3,2,,,,,,,
ODP 1266,caco3,caco3,"Zachos et al., 2005",https://doi.org/10.1126/science.1109004,2.34,-28.54,-17.17,-35.45,-21,-35.45,2600,2600,"Zachos et al., 2005",https://doi.org/10.1126/science.1109004,Walvis,this study,82.8,1.8,9,0.6,0.3,4,,,,,,,
ODP 1267,caco3,caco3,"Zachos et al., 2005",https://doi.org/10.1126/science.1109004,1.71,-28.1,-17.8,-35.01,-22,-35.01,3200,3200,"Panchuk et al., 2008",http://dx.doi.org/10.1130/G24474A.1,Walvis,this study,83.2,3.2,9,1.3,0.4,4,,,,,,,
ODP 689,caco3,caco3,"Shipboard Scientific Party, 1988",http://dx.doi.org/10.2973/odp.proc.ir.113.106.1988,3.1,-64.52,-5.85,-70.8,-5.85,-70.8,1100,1100,"Thomas & Shackleton, 1996",https://doi.org/10.1144/gsl.sp.1996.101.01.20,Southern,"Panchunk et al., 2008",91,1.9,4,,,,,,,,,,
ODP 690,caco3,caco3,"Thomas et al., 1999",http://dx.doi.org/10.1029/1999PA900031,1.2,-65.16,-8.55,-70.75,-11,-70.75,1900,1900,"Thomas & Shackleton, 1996",https://doi.org/10.1144/gsl.sp.1996.101.01.20,Southern,"Panchunk et al., 2008",84,,,60,,,,,,,,,
ODP 738,caco3,caco3,"Barron et al., 1989",https://doi.org/10.2973/odp.proc.ir.119.1989,82.79,-62.71,79.4,-62.2,81,-62.2,1350,1350,"Barrera & Huber, 1991",http://doi.org/10.2973/odp.proc.sr.119.167.1991,Indian,"Panchunk et al., 2008",90,,,70,,,,,,,,,
ODP 766,caco3,caco3,"Ludden et al., 1990",https://doi.org/10.2973/odp.proc.ir.123.105.1990,110.4541,-19.932,89,-42.7,91,-40,3476,3476,"Ludden et al., 1990",http://doi.org/10.2973/odp.proc.ir.123.105.1990,Indian,"Panchunk et al., 2008",93,,,,,,,,,,,,
ODP 865,caco3,caco3,"Shipboard Scientific Party, 1995; Thomas et al., 1999",http://dx.doi.org/10.2973/odp.proc.ir.143.106.1993; http://dx.doi.org/10.1029/1999PA900031,-179.55,18.43,-138.05,10.35,-138.05,10.35,1500,1500,"Bralower et al., 1995",http://doi.org/10.1029/95PA01143,Pacific,"Panchunk et al., 2008",96,,,93,,,,,,,,,
ODP 959,caco3,caco3,"Frieling et al., 2018",http://dx.doi.org/10.5194/cp-14-39-2018,-2.73583,3.6275,-15.63583,-3.5225,-15.63583,-3,1000,1000,"Frieling et al., 2018",http://doi.org/10.5194/cp-14-39-2018,SouthAtlanticMargin,this study,5.1,7.4,63,0.5,0.4,11,,,,,,,
ODP 999,caco3,caco3,"Bralower et al., 1997",http://dx.doi.org/10.1130/0091-7613(1997)025<0963:HRROTL>2.3.CO;2,-78.73,12.75,-87.45,9.6,-87.45,-10,1750,1750,"Thomas et al., 1999",http://dx.doi.org/10.1029/1999PA900031,Caribbean,"Panchunk et al., 2008",61,,,0,,,,,,,,,
Alamedilla,caco3,caco3,"Lu et al., 1996",http://doi.org/10.1111/j.1365-3121.1996.tb00567.x,-2.766666667,37.58333333,-11.55,32.7,-9,32.7,1000-2000,1500,"Lu et al., 1996",https://doi.org/10.1111/j.1365-3121.1996.tb00567.x,Tethyan ,this study,73.52,5.45344976,8,24.002,13.88556157,5,,,,,,,
Bass River,caco3,caco3,"John et al., 2008",https://doi.org/10.1029/2007PA001465,-74.43,39.6,-57.78841,39.6,-57.78841,39.6,140-150,145,"Stassen et al., 2015", https://doi.org/10.1016/j.marmicro.2014.12.001,NorthAtlantic,"Bralower et al., 2018",7.17,,,1.33,,,,,,,,,
Cam-Dor,caco3,caco3,"Bralower et al., 2018",https://doi.org/10.1029/2018PA003382,-76.028202,38.533587,-59.386612,38.533587,-59.386612,37.5,120-130,125,"Robinson & Spivey, 2019",https://doi.org/10.1029/2018PA003357,NorthAtlantic,"Bralower et al., 2018",8.16,,,0.01,,,,,,,,,
Dababiya,caco3,caco3,"Khozyem et al., 2015",https://doi.org/10.1016/j.palaeo.2015.04.003,32.52,25.5,22.85,23,21,21,150-175,162.5,Dupuis et al. 2003,http://doi.org/10.2113/49.Suppl_1.41,Tethyan ,this study,43.39354264,6.314783501,26,1.318800889,1.520369728,10,,,,,,,
Dzhengutay,caco3,caco3,Gavrilov et al 2009,https://www.academia.edu/download/35226154/2009_Gavr_Scherb_Golov_Pokr_NZ.pdf,47.24,42.69,44.35,42.69,44.35,41,280,280,"this study, based on cGENIE topo",,Tethyan ,this study,22.74798648,14.27282676,6,15.16008472,8.210206296,8,,,,,,,
Forada,caco3,caco3,Giusberti et al 2007,https://doi.org/10.1130/B25994.1,12.02,46.04,10.05,40,10.05,40,600-1000,1000,Giusberti et al 2007,https://doi.org/10.1130/B25994.1,Tethyan ,this study,50.21428571,6.782880843,14,13.02,6.818504235,5,,,,,,,
Gebel Qreiya,caco3,caco3,"Speijer & Wagner, 2002",https://doi.org/10.1130/0-8137-2356-6.533,33.006,26.52,22.85,23.52,22.85,23.52,200-300,250,"Speijer & Wagner, 2002",https://doi.org/10.1130/0-8137-2356-6.533,Tethyan ,this study,55.12,28.59,3,,,,,,,,,,
Howards Tract,caco3,caco3,"Li et al., 2022",https://doi.org/10.1038/s41467-022-33390-x,-76.14159,38.44827,-59.5,38.44827,-59.5,37.5,120-140,130,"Robinson & Spivey, 2019",https://doi.org/10.1029/2018PA003357,NorthAtlantic,this study,5.435897436,1.155278668,13,0.393777777,0.162931108,6,,,,,,,
IODP U1403,caco3,caco3,"Penman et al., 2016",https://doi.org/10.1038/ngeo2757,-51.80333,39.943328,-41,37.5,-41,37.5,4374,4374,"Penman et al., 2016",https://doi.org/10.1038/ngeo2757,NorthAtlantic,this study,0.4,0.1,15,0.3,0.1,5,,,,,,,
IODP U1409,caco3,caco3,"Penman et al., 2016",https://doi.org/10.1038/ngeo2757,-49.233087,41.295737,-39,38,-39,37.5,2913,2913,"Penman et al., 2016",https://doi.org/10.1038/ngeo2757,NorthAtlantic,this study,54.4,4.9,43,43.115,1.011162697,2,,,,,,,
Kheu,caco3,caco3,Gavrilov et al 2003,https://doi.org/10.1130/0-8137-2369-8.147,43.63,43.4,41.75,43.4,41.75,43.4,280,280,"this study, based on cGENIE topo",,Tethyan ,this study,12.99153402,0,1,1.069806475,0.762923554,2,,,,,,,
Mead Stream,caco3,caco3,Slotnick et al. 2012,https://doi.org/10.1086/666743,173.6,-41.9,-169,-47,-169,-47,200-1000,600,"Hollis et al., 2005",https://doi.org/10.1016/j.palaeo.2004.09.011,Pacific,"Bralower et al., 2018",62.2,,,36.81,,,,,,,,,
mid-Waipara,caco3,caco3,"Hollis et al., 2012",https://doi.org/10.1016/j.epsl.2012.06.024,172.75,-43.06666667,-169.58,-48.75,-171,-48.75,500,500,"Hollis et al., 2012",https://doi.org/10.1016/j.epsl.2012.06.024,Pacific,this study,0,0,10,0.2,0.1,2,,,,,,,
Millville,caco3,caco3,"Wright & Schaller, 2013",https://doi.org/10.1073/pnas.1309188110,-75,39.4,-58.35841,39.4,-58.35841,39.4,100-110,105,"Stassen et al., 2015", https://doi.org/10.1016/j.marmicro.2014.12.001,NorthAtlantic,"Bralower et al., 2018",3.6,,,0.3,,,,,,,,,
Mine,caco3,caco3,"Kaya et al., 2022",https://doi.org/10.1038/s43247-022-00451-4,74.50206667,39.84766667,59.85,39.84766667,59.85,43,80,80,"this study, based on cGENIE topography",,Tethyan ,this study,10.91603449,2.096278754,4,7.148252194,4.047335348,7,,,,,,,
South Dover Bridge,caco3,caco3,"Self-Trail et al., 2012",https://doi.org/10.1016/j.marmicro.2012.05.003,-76.00694444,38.74694444,-59.36535444,38.74694444,-59.36535444,37.5,120-130,125,"Robinson & Spivey, 2019",https://doi.org/10.1029/2018PA003357,NorthAtlantic,"Bralower et al., 2018",16.57,,,0,,,,,,,,,
Sulak River,caco3,caco3,Gavrilov et al 2003,https://doi.org/10.1130/0-8137-2369-8.147,46.857568,42.856151,44.35,42.856151,39,42.856151,280,280,"this study, based on cGENIE topo",,Tethyan ,this study,49.160182,8.803752705,3,2.425167031,0.063054283,3,,,,,,,
Tanzania TDP14,caco3,caco3,"Aze et al., 2014",http://doi.org/10.1130/G35637.1,39.5,-9.27,29,-16,31,-17,300-500,400,"Nicholas et al., 2006",https://doi.org/10.1016/j.jafrearsci.2006.04.003,Indian,this study,6.7,5.3,26,1.147,2.033,17,,,,,,,
Tawanui,caco3,caco3,"Crouch et al., 2003",https://doi.org/10.1016/S0031-0182(03)00334-1,176.38,-40.38,-165.95,-46.95,-165.95,-45,500-1000,750,"Kaiho et al., 1993",https://doi.org/10.1016/0377-8398(93)90053-Z,Pacific,this study,12.6,5,6,9.6,0.4,2,,,,,,,
Torangly,caco3,caco3,Gavrilov et al 2003,https://doi.org/10.1130/0-8137-2369-8.147,58.42,38.13,55.55,38.13,55.55,38.13,80,80,"this study, based on cGENIE topo",,Tethyan ,this study,20.85986236,2.29335632,2,1.342352149,0.932677239,2,,,,,,,
Trabakua Pass,caco3,caco3,"Bolle, 1998",http://doi.org/10.5169/seals-168405,-2.48,43.3,-10.58,37.8,-7,37.8,600-1500,1000,"this study, use nearby Zumaya paleodepth",,Tethyan ,this study,45.83,9.060679,11,9.7,1.481992,3,,,,,,,
Wadi Nukhl,caco3,caco3,"Speijer & Wagner, 2002",https://doi.org/10.1130/0-8137-2356-6.533,33.359,29.039,22.55,26.039,22.55,27,>500,500,"Speijer & Wagner, 2002",https://doi.org/10.1130/0-8137-2356-6.533,Tethyan ,this study,51.5,5.6,8,36.49,0,1,,,,,,,
Wilson Lake,caco3,caco3,"John et al., 2008",https://doi.org/10.1029/2007PA001465,-75.0472,39.65978333,-58.40561,39.65978333,-58.40561,39.65978333,100-110,105,"Stassen et al., 2015", https://doi.org/10.1016/j.marmicro.2014.12.001,NorthAtlantic,"Bralower et al., 2018",3.51,,,0,,,,,,,,,
Zumaya,caco3,caco3,"Schmitz et al., 1997",https://doi.org/10.1016/S0031-0182(97)00024-2,-2.25,43.3,-10.35,37.8,-10.35,37.8,600-1500,1000,"Canudo et al., 1995; Alegret et al., 2009",https://doi.org/10.1016/0031-0182(95)00073-U; http://doi.org/10.2110/palo.2008.p08-057r,Tethyan ,this study,53.65527335,11.46496509,24,3.53768512,3.22665339,9,,,,,,,
Ancora,d18O,d18o_morozovella,"Babila et al., 2014",https://doi.org/10.7282/T3Z31WRT,-74.84901639,39.69221528,-58.20742639,39.69221528,-58.20742639,39.69221528,,,,,,deepMIP,,,,-3.86,0.2,10,,glassy,-0.48343,-0.4707,-0.5658,-0.422,-0.794
Ancora,d18O,d18o_acarinina,"Babila et al., 2014",https://doi.org/10.7282/T3Z31WRT,-74.84901639,39.69221528,-58.20742639,39.69221528,-58.20742639,39.69221528,,,,,,deepMIP,,,,-3.33,0.19,26,,glassy,-0.48343,-0.4707,-0.5658,-0.422,-0.794
Bass River,d18O,d18o_acarinina,"John et al., 2008",https://doi.org/10.1029/2007PA001465,-74.43,39.6,-57.78841,39.6,-57.78841,39.6,,,,,,deepMIP,-2.33,0.42,28,-3.11,42,29,,glassy,-0.48343,-0.4707,-0.5658,-0.422,-0.794
Bass River,d18O,d18o_morozovella,"John et al., 2008",https://doi.org/10.1029/2007PA001465,-74.43,39.6,-57.78841,39.6,-57.78841,39.6,,,,,,deepMIP,-2.81,0.55,20,-3.75,0.35,26,,glassy,-0.48343,-0.4707,-0.5658,-0.422,-0.794
DSDP 401,d18O,d18o_m.subb,"Gutjahr et al., 2017; Bornemann et al., 2014",https://doi.org/10.1016/j.epsl.2014.03.017; http://dx.doi.org/10.1038/nature23646,-8.810333333,47.4275,-10.95,41.8,-10.95,41.8,,,,,,deepMIP,-1.06,0.21,14,-2.46,0.16,26,,glassy,-0.58454,-0.4452,-1.1415,-0.6386,-1.2671
DSDP 401,d18O,d18o_a.soldadoensis,"Bornemann et al., 2014",https://doi.org/10.1016/j.epsl.2014.03.017,-8.810333333,47.4275,-10.95,41.8,-10.95,41.8,,,,,,deepMIP,-1.5,0.4,15,-1.76,0.32,12,,glassy,-0.58454,-0.4452,-1.1415,-0.6386,-1.2671
Lodo Gulch,d18O,d18o_acarinina,"John et al., 2008",https://doi.org/10.1029/2007PA001465,-120.63,36.58,-111,44.05,-111,44.05,,,,,,deepMIP,,,,-3,0.17,12,,glassy,-0.5982,-1.8707,-0.7032,-2.1821,-2.4597
Lodo Gulch,d18O,d18o_morozovella,"John et al., 2008",https://doi.org/10.1029/2007PA001465,-120.63,36.58,-111,44.05,-111,44.05,,,,,,deepMIP,,,,-2.97,0.16,21,,glassy,-0.5982,-1.8707,-0.7032,-2.1821,-2.4597
Milville,d18O,d18o_acarinina,Si et al. 2018,https://doi.org/10.1002/2017PA003219,-75,39.4,-58.35841,39.4,-58.35841,39.4,,,,,,deepMIP,-2.43,0.28,8,-3.3,0.24,30,,glassy,-0.48343,-0.4707,-0.5658,-0.422,-0.794
Milville,d18O,d18o_morozovella,Si et al. 2018,https://doi.org/10.1002/2017PA003219,-75,39.4,-58.35841,39.4,-58.35841,39.4,,,,,,deepMIP,-2.97,0.24,4,-3.82,0.41,26,,glassy,-0.48343,-0.4707,-0.5658,-0.422,-0.794
Nigeria SQ,d18O,d18o_morozovella,"Frieling et al., 2017",https://doi.org/10.1126/sciadv.160089,3.583333333,6.833333333,-10.1,-0.346,-10.1,-0.346,,,,,,deepMIP,-3.77,0.12,12,,,,,glassy,-0.29589,-0.8146,-0.3713,-0.1102,-0.1003
Nigeria SQ,d18O,d18o_acarinina,"Frieling et al., 2017",https://doi.org/10.1126/sciadv.160089,3.583333333,6.833333333,-10.1,-0.346,-10.1,-0.346,,,,,,deepMIP,-3.4,0.23,12,,,,,glassy,-0.29589,-0.8146,-0.3713,-0.1102,-0.1003
ODP 690,d18O,d18o_acarinina,"Kozdon et al., 2020",https://doi.org/10.1029/2019PA003811,1.2,-65.16,-8.55,-70.75,-8.55,-70.75,,,,,,deepMIP,-2.12,0.44,3,-2.52,0.6,13,,glassy,-1.1245,-1.0866,-1.0474,-2.1687,-3.074
ODP 865,d18O,d18o_morozovella,"Kozdon et al., 2013",https://doi.org/10.1002/palo.20048,-179.55,18.43,-138.05,10.35,-138.05,10.35,,,,,,deepMIP,-3.63,0.26,7,-3.88,0.46,12,,glassy,-0.1536,-0.9152,-0.6491,-0.8458,-0.8966
Tanzania TDP14,d18O,d18o_morozovella,"Aze et al., 2014",https://doi.org/10.1130/G35637.1,39.5,-9.27,29,-16,29,-16,,,,,,deepMIP,-3.36,0.26,9,-3.8,0.52,20,,glassy,-0.05308,-0.8733,-0.5492,-0.6582,-0.9457
Tanzania TDP14,d18O,d18o_a.soldadoensis,"Aze et al., 2014",https://doi.org/10.1130/G35637.1,39.5,-9.27,29,-16,29,-16,,,,,,deepMIP,-3.28,0.39,5,-3.62,0.33,10,,glassy,-0.05308,-0.8733,-0.5492,-0.6582,-0.9457
Tumey Gulch,d18O,d18o_acarinina,"John et al., 2008",https://doi.org/10.1029/2007PA001465,-120.63,36.53,-111,42.25,-111,42.25,,,,,,deepMIP,-3.19,0.16,2,,,,,glassy,-0.5982,-1.772,-0.6232,-2.0247,-2.2973
Tumey Gulch,d18O,d18o_morozovella,"John et al., 2008",https://doi.org/10.1029/2007PA001465,-120.63,36.53,-111,42.25,-111,42.25,,,,,,deepMIP,-3.23,0.14,4,,,,,glassy,-0.5982,-1.772,-0.6232,-2.0247,-2.2973
Wilson Lake,d18O,d18o_morozovella,"Zachos et al., 2006",https://doi.org/10.1130/G22522.1,-75.05,39.65,-58.40841,39.65,-58.40841,39.65,,,,,,deepMIP,,,,-3.77,0.26,14,,glassy,-0.48941,-0.4295,-0.5346,-0.4007,-0.6612
Wilson Lake,d18O,d18o_acarinina,"Zachos et al., 2006",https://doi.org/10.1130/G22522.1,-75.05,39.65,-58.40841,39.65,-58.40841,39.65,,,,,,deepMIP,,,,-3.46,0.29,17,,glassy,-0.48941,-0.4295,-0.5346,-0.4007,-0.6612
Ancora,MgCa,mgca_morozovella:reductive,"Babila et al., 2014",https://doi.org/10.7282/T3Z31WRT,-74.84901639,39.69221528,-58.20742639,39.69221528,-58.20742639,39.69221528,,,,,,deepMIP,,,,4.29,0.73,19,mg_red,,,,,,
Ancora,MgCa,mgca_acarinina:reductive,"Babila et al., 2014",https://doi.org/10.7282/T3Z31WRT,-74.84901639,39.69221528,-58.20742639,39.69221528,-58.20742639,39.69221528,,,,,,deepMIP,,,,3.4,0.44,24,mg_red,,,,,,
Bass River,MgCa,mgca_acarinina:reductive,"Babila et al., 2016",https://doi.org/10.1130/G37522.1,-74.43,39.6,-57.78841,39.6,-57.78841,39.6,,,,,,deepMIP,2.65,0.27,5,3.35,0.25,12,mg_red,,,,,,
Bass River,MgCa,mgca_morozovella:reductive,"Babila et al., 2016",https://doi.org/10.1130/G37522.1,-74.43,39.6,-57.78841,39.6,-57.78841,39.6,,,,,,deepMIP,,,,3.91,0.44,9,mg_red,,,,,,
DSDP 277,MgCa,mgca_morozovella:barker,Hines et al. 2017,https://doi.org/10.1016/j.palaeo.2017.02.037,166.1913333,-52.22383333,-168.55,-56.15,-168.55,-56.15,,,,,,deepMIP,,,,4.73,0.51,7,mg_bcp,,,,,,
DSDP 277,MgCa,mgca_acarinina:barker,Hines et al. 2017,https://doi.org/10.1016/j.palaeo.2017.02.037,166.1913333,-52.22383333,-168.55,-56.15,-168.55,-56.15,,,,,,deepMIP,3.73,0.3,7,4.59,1.19,8,mg_bcp,,,,,,
DSDP 401,MgCa,mgca_m.subb:barker,"Gutjahr et al., 2017; Bornemann et al., 2014",https://doi.org/10.1016/j.epsl.2014.03.017,-8.810333333,47.4275,-10.95,41.8,-10.95,41.8,,,,,,deepMIP,3.42,0.07,13,3.86,0.12,11,mg_bcp,,,,,,
DSDP 527,MgCa,mgca_acarinina:barker,"Tripati et al., 2005",https://doi.org/10.1029/2003GC000631,1.76,-28.04,-17.75,-34.95,-17.75,-34.95,,,,,,deepMIP,3.39,0.11,11,4.02,0.17,7,mg_bcp,,,,,,
DSDP 527,MgCa,mgca_m.subb:barker,"Tripati et al., 2005",https://doi.org/10.1029/2003GC000631,1.76,-28.04,-17.75,-34.95,-17.75,-34.95,,,,,,deepMIP,3.48,0.15,7,4.27,0.42,2,mg_bcp,,,,,,
IODP U1443,MgCa,mgca_morozovella:barker,Barnet et al. 2020,https://doi.org/10.1016/j.epsl.2020.116414,90.36183,5.38349,75,-28.15,75,-28.15,,,,,,deepMIP,4.02,0.04,3,4.81,0.002,2,mg_red,,,,,,
Nigeria SQ,MgCa,mgca_morozovella:reductive,"Frieling et al., 2017",https://doi.org/10.1126/sciadv.160089,3.583333333,6.833333333,-10.1,-0.346,-10.1,-0.346,,,,,,deepMIP,4.65,0.36,10,,,,mg_red,,,,,,
Nigeria SQ,MgCa,mgca_acarinina:reductive,"Frieling et al., 2017",https://doi.org/10.1126/sciadv.160089,3.583333333,6.833333333,-10.1,-0.346,-10.1,-0.346,,,,,,deepMIP,4.2,0.21,10,,,,mg_red,,,,,,
ODP 1209,MgCa,mgca_morozovella:reductive,"Zachos et al., 2003",https://doi.org/10.1126/science.1090110,158.51,32.65,-155.45,28.35,-155.45,28.35,,,,,,deepMIP,3.52,0.21,24,5.21,0.26,32,mg_red,,,,,,
ODP 1209,MgCa,mgca_acarinina:reductive,"Zachos et al., 2003",https://doi.org/10.1126/science.1090110,158.51,32.65,-155.45,28.35,-155.45,28.35,,,,,,deepMIP,3.43,0.15,11,4.97,0.39,25,mg_red,,,,,,
ODP 690,MgCa,mgca_acarinina:reductive,"Kozdon et al., 2020",https://doi.org/10.1029/2019PA003811,1.2,-65.16,-8.55,-70.75,-8.55,-70.75,,,,,,deepMIP,2.65,0.42,5,3.39,0.49,12,mg_bcp,,,,,,
ODP 865,MgCa,mgca_morozovella:barker,"Tripati et al., 2004",https://doi.org/10.1029/2003GC000631,-179.55,18.43,-138.05,10.35,-138.05,10.35,,,,,,deepMIP,3.96,0.16,12,4.5,0.17,8,mg_bcp,,,,,,
ODP 865,MgCa,mgca_acarinina:barker,"Tripati et al., 2004",https://doi.org/10.1029/2003GC000631,-179.55,18.43,-138.05,10.35,-138.05,10.35,,,,,,deepMIP,4.03,0.3,13,4.72,0.19,9,mg_bcp,,,,,,
Ancora,TEX86,tex86,"Elling et al., 2019",https://doi.org/10.1038/s41467-019-12553-3,-74.84901639,39.69221528,-58.20742639,39.69221528,-58.20742639,39.69221528,,,,,,deepMIP,0.728,0.022,14,0.909,0.02,19,,,,,,,
Bass River,TEX86,tex86,"Sluijs et al., 2007",https://doi.org/10.1038/nature06400,-74.43,39.6,-57.78841,39.6,-57.78841,39.6,,,,,,deepMIP,0.748,0.019,15,0.889,0.019,18,,,,,,,
Fur Section,TEX86,tex86,"Schoon et al., 2015",https://doi.org/10.1016/j.orggeochem.2014.11.003,8.9914,56.8411,-31,52.65,-31,52.65,,,,,,deepMIP,0.49,0.014,2,0.738,0.034,5,,,,,,,
Fur Section,TEX86,tex86,"Stokke et al., 2020",https://doi.org/10.1016/j.epsl.2020.116388,8.9914,56.8411,-31,52.65,-31,52.65,,,,,,deepMIP,0.584,0.054,12,0.674,0.09,21,,,,,,,
Harrell Core,TEX86,tex86,"Sluijs et al., 2014",https://doi.org/10.5194/cp-10-1421-2014,-88.72055556,32.25111111,-73,33.7,-73,33.7,,,,,,deepMIP,0.738,0.011,3,0.888,0.019,15,,,,,,,
IODP 302 ACEX,TEX86,tex86,"Sluijs et al., 2020",https://doi.org/10.5194/cp-16-2381-2020,136.18,87.87,26.15,76.95,26.15,76.95,,,,,,deepMIP,0.588,0.022,2,0.639,0.016,15,,,,,,,
IODP364-M0077A,TEX86,tex86,Smith et al. 2020,https://doi.org/10.5194/cp-16-1889-2020,-89.949367,21.45015,-81,20.85,-81,20.85,,,,,,deepMIP,0.856,,1,0.973,0.008,5,,,,,,,
mid-Waipara,TEX86,tex86,"Hollis et al., 2012",https://doi.org/10.1016/j.epsl.2012.06.024,172.75,-43.06666667,-161,-48.75,-161,-48.75,,,,,,deepMIP,,,,0.836,0.03,2,,,,,,,
Nigeria IB10A,TEX86,tex86,"Frieling et al., 2017",https://doi.org/10.1126/sciadv.160089,2.8,6.8,-11,-0.35,-11,-0.35,,,,,,deepMIP,0.826,0.025,11,0.935,0.021,2,,,,,,,
Nigeria IB10B,TEX86,tex86,"Frieling et al., 2017",https://doi.org/10.1126/sciadv.160089,2.8,6.8,-11,-0.35,-11,-0.35,,,,,,deepMIP,0.837,0.025,19,0.922,0.023,5,,,,,,,
Nigeria SQ,TEX86,tex86,"Frieling et al., 2017",https://doi.org/10.1126/sciadv.160089,3.583333333,6.833333333,-10.1,-0.346,-10.1,-0.346,,,,,,deepMIP,0.844,0.018,7,,,,,,,,,,
ODP 1172,TEX86,tex86,"Sluijs et al., 2011",https://doi.org/10.5194/cp-7-47-2011,150,-44,142,-64.45,142,-64.45,,,,,,deepMIP,0.652,0.019,30,0.787,0.023,8,,,,,,,
ODP 959,TEX86,tex86,"Frieling et al., 2018",https://doi.org/10.5194/cp-14-39-2018,-2.73583,3.6275,-15.63583,-3.5225,-15.63583,-3.5225,,,,,,deepMIP,0.843,0.013,17,0.961,0.004,14,,,,,,,
Siberia Well 10,TEX86,tex86,"Frieling et al., 2014",https://doi.org/10.1130/G35724.1,73.52654722,53.50176944,49.99,51.25,49.99,51.25,,,,,,deepMIP,0.505,0.025,8,0.682,0.015,3,,,,,,,
Store Baelt Section,TEX86,tex86,"Schoon et al., 2015",https://doi.org/10.1016/j.orggeochem.2014.11.003,11.08,55.35,-29,51,-29,51,,,,,,deepMIP,0.531,0.078,7,0.669,0.045,4,,,,,,,
Wilson Lake,TEX86,tex86,"Zachos et al., 2006",https://doi.org/10.1130/G22522.1,-75.05,39.65,-58.40841,39.65,-58.40841,39.65,,,,,,deepMIP,0.7,0.015,24,0.89,0.023,17,,,,,,,
ZS,TEX86,tex86,"Jin et al., 2023",https://doi.org/10.1016/j.gloplacha.2023.104289 ,88.52,28.28,69,0.1,69,0.1,,,,,,this study,0.72744097,0.016530352,3,0.804294715,,1,,,,,,,